query,listing
"Busco un piso luminoso con aire acondicionado, al menos 3 habitaciones y reformado. ¿Qué opciones hay? ","¡EN EXCLUSIVA!

VITALITY VIVIENDAS presenta un espectacular PISO TOTALMENTE REFORMADO! , situado en la prestigiosa Calle San Vicente, en pleno corazón del codiciado Barrio del Mercado.

Este inmueble ha sido renovado con acabados de lujo y los mejores materiales y es la combinación perfecta entre diseño moderno, comodidad y funcionalidad.

El piso cuenta con un amplio salón-comedor lleno de luz natural, gracias a sus grandes ventanales y al estar en una 7ª Planta. Dispone de tres habitaciones espaciosas con aire acondicionado con bomba de aire frio y calor y muy luminosas, dos baños completos diseñados con equipamiento y acabados modernos, y una cocina con galería totalmente equipada con mobiliario de alta calidad, encimeras y armarios para el almacenamiento múltiple.

Ubicado en el epicentro de la ciudad, este hogar ofrece una calidad de vida inigualable, rodeado de todos los servicios y la auténtica esencia urbana.

No dejes pasar esta oportunidad única y contacta hoy mismo con Vitality para más información.
¡Tu nuevo hogar moderno te espera!"
"Quisiera una vivenda de más de 41 m2, bien comunicada. Importante que esté reformado. ¿Qué hay disponible? ","Magnifica vivienda totalmente reformada con calidades de lujo, planta baja exterior.
Con posibilidad de licencia turística! Situada en edificio seminuevo, construido en 2021.
Se trata de una vivienda de 41 m2 construidos, amueblada, dispone de salón comedor, una habitación doble, una segunda habitación en altillo, cocina amueblada, con barra americana y equipada con electrodomésticos, baño completo de diseño con ducha y mampara.
Totalmente equipado. Aire acondicionado frio/calor, suelos de cerámica, ventanas aluminio climalit, vigas vista, paredes lisas, iluminación led.
Zona bien comunicada y con todos los servicios: Supermercados, Consum, Colegios, Institutos, Academia de idiomas College London, Jardines, Polideportivo, Restaurantes y Cafeterías, etc.
Además se encuentra bien comunicada con transporte público con varias líneas de autobuses y metro.

KASABIBA, a lo largo de su trayectoria de más de 25 años en el sector inmobiliario, se ha convertido en la inmobiliaria de referencia gracias a la fidelidad y confianza que sus clientes han depositado en ella. Nuestro equipo humano está orientado a obtener la satisfacción plena de los clientes con diligencia y eficacia, dando un servicio personalizado. Asesoramiento personalizado. En nuestra web podrás visualizar nuestra cartera de inmuebles completa, Si tienes cualquier duda o consulta sobre alguno de nuestros activos o quieres comentarnos que es lo que vas buscando para que te ayudemos a localizarlo, no dudes en contactar con nosotros. ¡Estaremos encantados de atenderte!
El presente anuncio, se muestra a título informativo, no vinculante, ni contractual, con posibilidad de variaciones o erratas."
"Estoy buscando un piso de entre 50-60m², dos habitaciones y terraza. ","Lion Capital Group se complace de ofrecer esta imperdible propiedad con reforma
a estrenar a escasos pasos de los Tinglados.

El inmueble recién reformado en enero del 2025, construcción de 1970, en pleno barrio del Puerto (Grao). Se compone de 2 habitaciones y 1 baño, siendo un piso exterior, cocina independiente y salida a dos terrazas privadas de unos 35mt² en total, además de una gran terraza comunitaria en la azotea. La vivienda consta de 56mt² muy bien aprovechados. Todas las estancias cuentan con ventilación y luz natural. Opción de tener un trastero.

Si te apasiona el espíritu portuario y estar comunicado con el centro de Valencia a solo 10 minutos, esta es tu oportunidad de emprender tu proyecto de vida. Cuenta con todos los servicios a la mano como bares, restaurantes, supermercados, parques, farmacias, paradas de bus, tranvía y metro y a solo 3 calles del Puerto de Valencia. La zona es de fácil aparcamiento y tranquila. A tan solo 10 minutos andando de la playa de la Malvarrosa, cerca de la Ciudad de las Artes y las Ciencias, y a 25 minutos del centro de Valencia.

Te invitamos a visitar tu nuevo hogar con nosotros, no dudes en contactarnos.

Desde Lion Capital Group estaremos encantados de asesorarte en todo el proceso de compraventa."
Me interesa un dúplex o tríplex con más de 200 m2. ,"Fantástico tríplex muy luminoso y bien ubicado en Zurbano de 344 m2, que cuenta con un amplio hall distribuidor, gran salón, comedor independiente, despacho, aseo de visitas, gabanero, amplia cocina con entrada de servicio, zona de lavado, dormitorio de servicio, y zona de estar; todo ello en planta 5ª. Planta 6ª: Cuatro dormitorio, dos en suite, y dos comparten un baño. Planta 7ª: En ático, gran salón multiusos, y maravillosas vistas. Toda la casa cuenta con grandes ventanales. "
Estoy interesado en un ático de la zona de Chamberí con garaje y la urbanización debe tener spa y gimnasio,"DIZA Consultores presenta atico triplex en el mejor edificio de Chamberi.

Descubre este espectacular ático tríplex ubicado en el prestigioso Edificio Mindanao, diseñado para quienes buscan exclusividad, confort y las mejores vistas de la ciudad.

Con una superficie distribuida en tres plantas, este ático cuenta con 2 habitaciones y 3 baños, destacando el dormitorio principal con baño en suite. El salón-comedor, amplio y luminoso, se conecta con una cocina moderna completamente equipada con electrodomésticos de alta gama. En la planta más alta, disfrutarás de una magnífica terraza privada con piscina, ideal para relajarte y disfrutar del aire libre.

El precio incluye 2 plazas de garaje y un trastero, proporcionando comodidad adicional.

El edificio ofrece servicios de lujo, como seguridad 24 horas, spa, gimnasio, piscina climatizada y una espectacular azotea con solárium y piscina exterior. Su ubicación privilegiada y sus excepcionales instalaciones lo convierten en un lugar único para vivir.

DIZA Consultores: Convertimos Sueños en Hogares."
"Queremos un chalet en Altea, cerca de la playa y que sea grande para una familia por lo que tiene que tener por lo menos 3 habitaciones. Gracais de antemano","Villa situada en Sierra de Altea, a tan solo 5/10 minutos en coche de la playa, el Puerto Deportivo Campomanes y Altea la Vieja, donde encontrará todos los servicios esenciales. A 15 minutos del centro de Altea, en una zona tranquila y exclusiva con espectaculares vistas al mar.

Distribución de la Propiedad

Planta Principal (Planta Baja)

3 dormitorios con armarios empotrados (2 con vistas al mar).
1 baño completo y 1 aseo.
Cocina americana
Salón-comedor con chimenea.
Acceso a un porche cubierto, con espacio para comedor de verano y zona de relax.

Primera Planta (Acceso Exterior)

1 dormitorio con vistas al mar.
1 aseo.
Gran terraza solárium, con vistas inmejorables a la Bahía de Altea.

Planta Inferior

Garaje doble, con espacio para dos vehículos.
Trastero.
Sala polivalente, actualmente utilizada como gimnasio.

Exterior y Equipamiento

Piscina privada con vistas abiertas al mar.
Jardín de fácil mantenimiento con plantas autóctonas y riego por goteo.
Chimenea en el salón comedor.
Calefacción central para mayor confort en cualquier época del año.
Orientación Sureste, asegurando luz natural durante todo el día.

La vivienda se encuentra lista para vivir, aunque no ha sido reformada desde su construcción. Con una renovación bien planificada, es posible modernizar sus espacios y potenciar su diseño, transformándola en una propiedad que combine confort, estilo y vistas espectaculares. Su ubicación y vistas sobre la Bahía de Altea la convierten en una oportunidad única para aquellos que buscan exclusividad y un entorno natural incomparable.

ZONA SIERRA DE ALTEA
Sierra de Altea es una tranquila zona residencial ubicada a unos 5 minutos de la Playa de la Olla y de Altea la Vieja, donde encontrará todos los servicios; y a unos 10 minutos del centro de Altea. Se encuentra a 3 km. del Club de Golf Don Cayo y a 2 km. del Puerto Deportivo Luis Campomanes. La entrada a la misma se realiza desde la Nacional 332, junto a una de las salidas de la autopista A7.

ACCESO A ALTEA
Altea está a 50km de Alicante, 10km. de Benidorm y a 130km. De Valencia. Altea tiene fácil acceso por carretera tanto por autovía como por la Carretera Nacional N-332, pero también está conectada mediante autobús con las dos capitales de provincia de Alicante y Valencia y con Benidorm, además de un servicio de TRAM que la conecta con Benidorm y Alicante. Para llegar a Altea por carretera, puedes tomar la Carretera Nacional N-332 o la Autopista del Mediterráneo AP-7, en la salida 64. Tiene fácil acceso a dos aeropuertos:
-Alicante, a 57 km
-Valencia, a 140 km."
"Casa con nueve dormitorios, con parcela de más de 5000 m2.","Oportunidad de Inversión Única: Propiedad Histórica en Alicante — Perfecta para Hotel Rural o Eventos

Ubicación Premium: Esta joya del siglo XVI está situada en la prestigiosa carretera de Agost, a solo 4 km de San Vicente del Raspeig. Además, su fácil acceso al aeropuerto y las famosas playas de la región la convierten en una ubicación privilegiada, a solo 20 minutos de distancia.

Potencial Ilimitado: La propiedad cuenta con 518 m² de espacio construido sobre una parcela de 5017 m². Esto ofrece enormes posibilidades para restauración y desarrollo. Imagina transformarla en un lujoso hotel rural o en una sede exclusiva para eventos.

Características Destacadas:

Espacio Amplio: Con 9 habitaciones, múltiples salones y áreas comunes, tendrás la flexibilidad de adaptar cualquier diseño interior que desees.
Elementos Rústicos y Encanto Histórico: La propiedad incluye características originales, como un gran portalón de madera y chimeneas que evocan el sabor del viejo mundo.
Exteriores Prometedores: El amplio jardín con balsa de riego es ideal para eventos al aire libre o experiencias gastronómicas rurales.
Inversión Estratégica: Con un precio de €359.000, esta propiedad ofrece un amplio margen para valorización tras la renovación. Es perfecta para inversores visionarios interesados en el mercado de hospitalidad o eventos exclusivos.

Imagina las Posibilidades: Convierte este espacio en un destino de escape rural o en un centro de retiros y eventos. Aprovecha su localización y herencia histórica para atraer a visitantes de todo el mundo.

Descubre Más y Envisiona el Futuro de esta Propiedad

¡No dejes pasar esta oportunidad de hacer historia con una inversión que perdura!

Grupo ARAI: Agencia inmobiliaria, inversión y reformas.

Te acompañamos en todo el proceso de compraventa de tu vivienda. Contamos con gestoría externa, asesores fiscales, financieros y jurídicos propios. Ofrecemos toda clase de servicios aparte de la intermediación inmobiliaria. Tramitación de NIE, obtención de hipoteca (con hasta el 100% de financiación), home staging, ventas a distancia, proyectos de inversión, reformas integrales o parciales, obtención de licencias y certificados, cambios de uso, inscripciones registrales, herencias…

¡No dejes pasar esta oportunidad de adquirir esta increíble vivienda! Contáctanos ahora mismo para obtener más información y concertar una visita. Grupo ARAI estará encantado de ayudarte en todo el proceso."
"busco piso en el centro de Alicante con 6 dormitorios, 2 baños, cocina amplia y equipada","Alicante centro. Prolongación Alfonso El Sabio.

Edificio diseñado por el arquitecto alicantino Guardiola quien dejó un extenso legado arquitectónico en la ciudad de Alicante.

Vivienda de 266 m2 construidos producto de la unión de dos viviendas independientes (dos fincas registrales independientes). Actualmente es un gran piso de 235 m2 útiles.

Ubicación excepcional, con vistas al Castillo de Santa Bárbara desde su gran terraza.
A pocos metros de la parada de Tram ""Marq"" y pasaje hacia Plaza Mar 2. A 600 metros del Mercado Central. Con plaza de garaje y trastero incluidos en el precio de venta. Hasta la Playa del Postiguet solo se tarda 11 minutos andando.

Una magnífica vivienda, muy amplia. Con excelentes calidades de construcción en las que cabe destacar los suelos de parquet combinados con mármol, y suelos de gres originales con mosaicos. En un estado de conservación impecable.

La vivienda consta de: 6 dormitorios, 2 baños completos (uno con jacuzzi), 1 aseo, salón comedor de 40 m2 y cocina muy amplia con península, despensa y zona de lavado. Terraza exterior de 28 m2.

Se vende con la cocina equipada de electrodomésticos, y semi amueblada. Calefacción por gas ciudad y climatización por conductos. Termo eléctrico.

Concierta tu visita con Costamar Inmo."
Quiero un piso listo para entrar a vivir de por lo menos 2 dormitorios y 2 baños. Cerca de San blas,"TOUR VIRTUAL DISPONIBLE! Encantadora vivienda con balcón y vistas muy abiertas en excelente estado y con todos sus muebles y electrodomésticos, situada en el barrio de San Blas residencial. Se trata de una vivienda de dos dormitorios dobles, dos baños completos, uno de ellos en suite, espacioso salón comedor con acceso al balcón, cocina office muy bien equipada mas galería. La vivienda tiene la carpintería exterior de aluminio con climalit, dos split de aire acondicionado frio-calor, tres armarios empotrados y puerta de acceso blindada. Portal con suelos de mármol.
Esta propiedad se queda completamente amueblada con todo el mobiliario, son modernos, seminuevos y funcionales, mas todos los electrodomésticos. Excelente oportunidad! piso listo para entrar a vivir en una de las zonas mas demandadas por su cercanía al centro de la ciudad."
